Customer_ID,First_Name,Last_Name,Email,Phone,Gender,Date_of_Birth,City,State,Registration_Date
1,Warjas,Kibe,warjaskibe31@outlook.com,9736026064,Male,1987-09-06,Jhansi,Bihar,2026-04-19
2,Chasmum,Sankar,chasmumsankar64@outlook.com,7343098050,Female,1979-08-10,Bulandshahr,Manipur,2024-09-01
3,Chatura,Chaudhari,chaturachaudhari77@gmail.com,6812191361,Other,1959-08-15,Sonipat,Uttar Pradesh,2026-06-17
4,Chatura,Kothari,chaturakothari84@shopper.in,6699854353,Male,1968-07-13,Jorhat,Manipur,2025-01-06
5,Logan,Sami,logansami92@yahoo.co.in,9510799118,Other,1967-12-25,Surendranagar Dudhrej,Haryana,2024-05-15
6,Baljiwan,Savant,baljiwansavant54@shopper.in,7542784980,Male,1992-12-11,Dhanbad,Rajasthan,2026-06-09
7,Advika,Chander,advikachander94@shopper.in,7411824493,Female,2006-10-10,Rourkela,Maharashtra,2025-12-12
8,Vedika,Srivastava,vedikasrivastava91@yahoo.co.in,9401640052,Other,1970-01-15,Allahabad,Goa,2025-03-14
9,Ranveer,Agate,ranveeragate66@outlook.com,6112805982,Male,1982-01-23,Malda,Jharkhand,2024-11-21
10,Udyati,Sur,udyatisur56@shopper.in,8331586923,Female,1966-01-11,Sagar,Gujarat,2025-11-28
11,Barkha,Bhat,barkhabhat13@gmail.com,8634216073,Female,2006-05-25,Howrah,Arunachal Pradesh,2024-08-23
12,Waida,Thakkar,waidathakkar49@gmail.com,7036541458,Female,1991-08-22,Howrah,Mizoram,2025-08-01
13,Chaitaly,Grewal,chaitalygrewal13@shopper.in,8294019655,Female,1960-02-28,Noida,Madhya Pradesh,2025-07-19
14,Darpan,Koshy,darpankoshy59@gmail.com,8060883561,Male,1994-11-22,Udupi,Assam,2026-02-15
15,Oni,Virk,onivirk50@shopper.in,8846564823,Other,1977-01-09,Kurnool,Sikkim,2025-05-13
16,Dipta,Khare,diptakhare32@yahoo.co.in,9804436995,Other,1973-07-27,Mira-Bhayandar,Sikkim,2025-06-14
17,Charita,Shankar,charitashankar37@outlook.com,7148951343,Other,1977-01-04,Bangalore,Manipur,2025-11-13
18,Chandresh,Borah,chandreshborah15@gmail.com,9917693676,Male,1992-01-30,Guna,Himachal Pradesh,2024-01-03
19,Dominic,Palla,dominicpalla64@gmail.com,7870831727,Male,1960-03-05,Uluberia,Jharkhand,2026-06-12
20,Nakul,Sarma,nakulsarma50@outlook.com,9872774348,Other,1992-06-17,Pudukkottai,Uttar Pradesh,2025-03-02
21,Zarna,Anand,zarnaanand66@shopper.in,8345581223,Female,2000-12-10,Vasai-Virar,Chhattisgarh,2025-01-17
22,Aishani,D’Alia,aishanidalia37@shopper.in,9658760366,Other,1962-10-12,Darbhanga,Jharkhand,2026-06-25
23,Shivansh,Oza,shivanshoza12@outlook.com,9054668893,Other,1969-05-08,Dibrugarh,Meghalaya,2025-03-19
24,Ladli,Behl,ladlibehl72@shopper.in,9562729806,Female,1961-10-11,Bally,Arunachal Pradesh,2024-11-13
25,Aarav,Nath,aaravnath92@outlook.com,7720465375,Male,2007-12-21,Firozabad,Goa,2025-05-13
26,Vaishnavi,Sane,vaishnavisane63@yahoo.co.in,6708053100,Female,1993-08-31,Gorakhpur,Assam,2025-12-10
27,Falan,Banik,falanbanik89@gmail.com,7271937452,Male,1980-08-14,Chinsurah,Chhattisgarh,2024-12-28
28,Ansh,Morar,anshmorar49@shopper.in,6496631931,Male,1980-04-23,Secunderabad,Gujarat,2026-01-31
29,Zaid,Chauhan,zaidchauhan86@shopper.in,6586518506,Other,1979-07-25,Udupi,Telangana,2025-10-23
30,Garima,Khalsa,garimakhalsa56@outlook.com,7628498776,Female,1966-07-22,Haridwar,Andhra Pradesh,2026-06-29
31,Hemal,Natarajan,hemalnatarajan51@gmail.com,6473799650,Female,1983-07-07,Shimoga,Goa,2025-04-15
32,Chatura,Raja,chaturaraja72@gmail.com,8454948083,Male,1958-02-17,Korba,Gujarat,2024-07-27
33,Veda,Palla,vedapalla81@gmail.com,9770143634,Female,1976-04-06,Rajahmundry,Andhra Pradesh,2026-03-06
34,Inaya,Rastogi,inayarastogi80@yahoo.co.in,9855744431,Female,1977-10-31,Coimbatore,Tripura,2026-02-07
35,Liam,Panchal,liampanchal78@gmail.com,7374989413,Male,1999-02-24,Jorhat,Karnataka,2025-05-03
36,Akshay,D’Alia,akshaydalia48@shopper.in,7400842710,Male,1973-04-09,Amaravati,Himachal Pradesh,2025-06-28
37,Anjali,Chopra,anjalichopra66@yahoo.co.in,7047116719,Female,1996-02-03,Hapur,Telangana,2024-11-27
38,Naksh,Sarin,nakshsarin29@yahoo.co.in,6318699938,Male,1996-09-30,Kharagpur,Odisha,2025-06-14
39,Ikshita,Kumar,ikshitakumar85@outlook.com,8990913341,Female,1958-07-08,Mumbai,Mizoram,2024-03-29
40,Ronith,Patla,ronithpatla19@gmail.com,6679740344,Other,1984-11-04,Bathinda,Punjab,2026-04-19
41,Naksh,Dash,nakshdash97@gmail.com,8936183242,Male,2004-06-22,Guna,Jharkhand,2024-03-25
42,Tara,Narain,taranarain86@yahoo.co.in,9174648877,Female,1982-11-17,Begusarai,Chhattisgarh,2024-01-21
43,Inaya,Salvi,inayasalvi51@yahoo.co.in,6139904902,Female,2000-09-28,Akola,Punjab,2025-06-14
44,Nidhi,Ravi,nidhiravi33@outlook.com,9175655125,Female,1992-10-13,Avadi,Jharkhand,2025-07-11
45,Jagrati,Sani,jagratisani94@outlook.com,6715451680,Female,1994-12-18,Kirari Suleman Nagar,Manipur,2026-06-03
46,Vaishnavi,Kala,vaishnavikala62@shopper.in,7859770348,Female,1990-04-13,Gulbarga,Sikkim,2024-05-27
47,Chaman,Mander,chamanmander99@outlook.com,6093248086,Female,1990-07-28,Tiruchirappalli,Uttarakhand,2024-02-28
48,Kamya,Mukherjee,kamyamukherjee25@gmail.com,9484677378,Female,1970-10-13,Siliguri,Andhra Pradesh,2024-04-07
49,Chakradhar,Konda,chakradharkonda75@gmail.com,6465840449,Other,1987-10-30,Sirsa,Maharashtra,2025-07-08
50,Gunbir,Rajagopalan,gunbirrajagopalan67@outlook.com,8588675339,Male,1989-02-19,Latur,Chhattisgarh,2025-05-29
51,Aarnav,Chhabra,aarnavchhabra50@outlook.com,9627028951,Male,2008-06-19,Muzaffarnagar,Goa,2026-04-12
52,Vincent,Bedi,vincentbedi77@outlook.com,6262174596,Male,1993-06-05,Bhilai,Manipur,2025-04-17
53,Kiaan,Shetty,kiaanshetty78@outlook.com,8780913431,Other,2000-12-03,Mango,Punjab,2024-12-20
54,Yamini,Sandhu,yaminisandhu22@outlook.com,7400504556,Other,1992-10-11,Kozhikode,Telangana,2024-09-28
55,Vyanjana,Sengupta,vyanjanasengupta82@gmail.com,7219693792,Female,1973-02-18,Bally,Tripura,2024-05-10
56,Yoshita,Sundaram,yoshitasundaram42@shopper.in,9482175946,Female,1998-02-22,Panipat,Manipur,2026-04-20
57,Brinda,Mangal,brindamangal35@outlook.com,9136959440,Female,1971-06-15,Thanjavur,Karnataka,2026-03-20
58,Chaitaly,Devi,chaitalydevi11@shopper.in,9439533942,Female,1965-10-04,Yamunanagar,Tamil Nadu,2024-11-20
59,Ganga,Kala,gangakala66@shopper.in,8214562328,Female,1959-11-13,Vellore,Karnataka,2026-03-05
60,Unnati,Sagar,unnatisagar74@yahoo.co.in,7474517123,Other,1959-09-25,Bidar,Madhya Pradesh,2026-03-21
61,Anmol,Rai,anmolrai56@shopper.in,9048175496,Other,1987-12-15,Nagercoil,Jharkhand,2026-03-08
62,Robert,Saini,robertsaini96@gmail.com,9098593174,Male,1992-02-14,Morbi,Haryana,2024-12-29
63,Laban,Sarin,labansarin15@shopper.in,8711382675,Male,1988-07-17,Pali,Karnataka,2026-06-02
64,Tanmayi,Gandhi,tanmayigandhi85@gmail.com,9179640537,Female,1987-04-21,Deoghar,Andhra Pradesh,2025-02-28
65,Shravya,Bala,shravyabala22@yahoo.co.in,8064317139,Female,1961-03-17,Bhavnagar,West Bengal,2025-09-24
66,Vedhika,Gopal,vedhikagopal41@gmail.com,7183933529,Female,1958-12-01,Nadiad,Karnataka,2024-03-15
67,Hitesh,Sha,hiteshsha79@yahoo.co.in,7102053950,Male,1977-09-26,Nadiad,Himachal Pradesh,2024-01-27
68,Shivansh,Krishnan,shivanshkrishnan63@shopper.in,6775891783,Male,1961-01-25,Surat,Telangana,2025-09-21
69,Charles,Palla,charlespalla94@yahoo.co.in,9007661771,Other,1970-10-03,Thane,Tripura,2026-02-10
70,Azaan,Kota,azaankota28@shopper.in,7499856984,Other,1969-01-23,Jamnagar,Haryana,2025-06-08
71,Dev,Solanki,devsolanki99@shopper.in,7673657661,Male,2001-01-19,Phusro,Gujarat,2025-04-09
72,Udyati,Kunda,udyatikunda42@yahoo.co.in,7711116152,Other,2007-09-07,Rourkela,Punjab,2025-08-27
73,Ishwar,Gade,ishwargade81@yahoo.co.in,6656049451,Other,1976-08-29,Adoni,Andhra Pradesh,2025-02-16
74,Nachiket,Prashad,nachiketprashad94@outlook.com,7158514936,Male,1982-06-27,Aurangabad,Odisha,2026-06-11
75,Jairaj,Chaudry,jairajchaudry87@yahoo.co.in,6244550229,Male,2002-12-09,Ghaziabad,Uttar Pradesh,2025-10-04
76,Darpan,Barman,darpanbarman91@shopper.in,6836675254,Male,1979-02-14,Uluberia,Assam,2026-06-16
77,Yashawini,Om,yashawiniom20@shopper.in,7290147679,Other,1956-05-10,Unnao,Bihar,2025-03-19
78,Tarak,Pathak,tarakpathak75@shopper.in,8614978403,Male,1998-09-30,Jamnagar,Maharashtra,2024-11-28
79,Gaurang,Vig,gaurangvig36@yahoo.co.in,7244510762,Male,1999-10-05,Tadepalligudem,Uttar Pradesh,2024-09-29
80,Veda,Shroff,vedashroff39@yahoo.co.in,6606071596,Other,1985-02-19,North Dumdum,West Bengal,2025-06-01
81,Krisha,Chadha,krishachadha24@outlook.com,6529751613,Female,1974-06-23,Latur,Tripura,2025-05-24
82,Ucchal,Raghavan,ucchalraghavan20@outlook.com,8535218188,Other,1978-05-22,Shimla,West Bengal,2024-06-27
83,Omaja,Gopal,omajagopal92@gmail.com,7124329212,Female,1988-09-03,Raichur,Uttar Pradesh,2026-05-09
84,Leela,Oak,leelaoak82@outlook.com,8527177449,Female,1974-07-11,Miryalaguda,Andhra Pradesh,2024-09-16
85,Girish,Chada,girishchada49@outlook.com,9005411998,Male,1971-12-02,Unnao,Nagaland,2025-08-24
86,Wridesh,Soni,wrideshsoni15@outlook.com,7597820715,Other,1999-06-14,Sultan Pur Majra,Uttar Pradesh,2025-10-12
87,Anay,Chander,anaychander92@gmail.com,6377889255,Other,1975-07-09,Machilipatnam,Tamil Nadu,2026-03-16
88,Keya,Mohan,keyamohan53@shopper.in,8151864492,Female,2000-09-04,Bhalswa Jahangir Pur,Nagaland,2025-08-25
89,Hemangini,Sandal,hemanginisandal28@yahoo.co.in,8629148652,Other,2006-04-04,Nagercoil,Tamil Nadu,2026-05-26
90,Utkarsh,Madan,utkarshmadan92@outlook.com,8054235733,Male,1976-05-12,Ahmednagar,Bihar,2025-11-17
91,Gopal,Mutti,gopalmutti47@shopper.in,6592962229,Male,1963-08-19,Nellore,Gujarat,2025-11-22
92,Veda,Malhotra,vedamalhotra66@shopper.in,9537947383,Other,2004-10-20,Salem,Uttarakhand,2025-06-28
93,Gunbir,Minhas,gunbirminhas57@outlook.com,9468862392,Male,1970-12-23,Mangalore,Jharkhand,2025-09-25
94,Akshay,Walla,akshaywalla71@yahoo.co.in,6814124782,Other,1964-02-10,Ranchi,Arunachal Pradesh,2025-10-15
95,Madhav,Date,madhavdate67@yahoo.co.in,6606853615,Male,1998-11-26,Kota,West Bengal,2024-06-12
96,Abeer,Mane,abeermane93@yahoo.co.in,7204727790,Male,1987-06-09,Gandhidham,Karnataka,2025-09-08
97,Hiral,Behl,hiralbehl37@gmail.com,9143410369,Female,1972-09-04,Raipur,Uttarakhand,2024-12-26
98,Bhavini,Rattan,bhavinirattan86@shopper.in,7246095396,Female,1988-12-16,Gangtok,Rajasthan,2024-02-13
99,Chatresh,Doshi,chatreshdoshi56@shopper.in,6670654051,Other,1965-08-25,Guwahati,Haryana,2024-12-23
100,Jagat,Saha,jagatsaha52@gmail.com,6585277221,Other,1996-10-03,Nagaon,Madhya Pradesh,2026-04-21
101,Umang,Savant,umangsavant47@gmail.com,6305486874,Male,1975-09-24,Farrukhabad,Odisha,2024-04-07
102,Bhanumati,Chaudhary,bhanumatichaudhary55@shopper.in,8415667652,Female,2007-05-26,Rajpur Sonarpur,Himachal Pradesh,2025-07-12
103,Chaitaly,Dugar,chaitalydugar76@yahoo.co.in,6616928451,Female,1971-10-26,Suryapet,Assam,2024-05-31
104,Gaurangi,Agate,gaurangiagate67@outlook.com,7757059640,Female,1983-04-18,Hindupur,Meghalaya,2024-07-26
105,Mugdha,Bali,mugdhabali75@gmail.com,6297021355,Female,1971-04-01,Ichalkaranji,Tamil Nadu,2025-08-17
106,Utkarsh,Bobal,utkarshbobal87@gmail.com,9557192856,Male,2002-04-10,Bilaspur,Uttar Pradesh,2025-03-22
107,Hardik,Sandal,hardiksandal24@shopper.in,7786814473,Male,1963-04-22,Jalgaon,Himachal Pradesh,2026-01-23
108,Lucky,Bora,luckybora72@gmail.com,6217271551,Other,1959-07-22,Aizawl,Punjab,2025-03-28
109,Mitali,Sarna,mitalisarna30@gmail.com,8831323705,Female,1963-12-16,Avadi,Tamil Nadu,2025-05-07
110,Tamanna,Magar,tamannamagar80@gmail.com,6146786691,Female,1989-07-21,Bahraich,Assam,2024-06-11
111,Balveer,Sankaran,balveersankaran19@outlook.com,9852892268,Other,2005-06-24,Mahbubnagar,Himachal Pradesh,2025-09-27
112,Agastya,Chand,agastyachand76@gmail.com,8225358414,Male,1971-01-27,Agartala,Odisha,2024-10-09
113,Anusha,Gill,anushagill26@yahoo.co.in,6829922995,Female,1987-07-07,Alwar,Goa,2026-06-14
114,Tejas,Swamy,tejasswamy13@shopper.in,6943969078,Male,1961-09-14,Karnal,Maharashtra,2025-04-03
115,Osha,Nagi,oshanagi41@outlook.com,8710276773,Female,2001-02-05,Nanded,Karnataka,2025-01-12
116,Tripti,Tandon,triptitandon50@yahoo.co.in,9258815371,Female,1975-02-09,Jamalpur,Arunachal Pradesh,2025-03-06
117,Utkarsh,Chakrabarti,utkarshchakrabarti22@shopper.in,8696325953,Male,1976-11-24,North Dumdum,Bihar,2026-05-12
118,Netra,Varkey,netravarkey69@outlook.com,8701687339,Other,1955-07-29,Haridwar,Arunachal Pradesh,2024-11-25
119,Ijaya,Vasa,ijayavasa73@outlook.com,8801624565,Female,1980-02-12,Mango,Tripura,2024-01-27
120,Charan,Jani,charanjani81@gmail.com,8841687849,Other,1973-09-01,Tumkur,Manipur,2025-10-29
121,Xavier,Dara,xavierdara22@outlook.com,8585239868,Male,1957-06-17,Kozhikode,Jharkhand,2024-01-20
122,Abhimanyu,Reddy,abhimanyureddy52@outlook.com,9298259526,Male,1961-11-02,Raipur,Manipur,2026-01-30
123,Jacob,Dube,jacobdube53@outlook.com,8705516940,Other,1989-05-30,Danapur,Tamil Nadu,2025-03-15
124,Anjali,Sagar,anjalisagar84@gmail.com,6972896230,Other,1988-04-30,Latur,Manipur,2024-12-26
125,Elijah,Rajagopal,elijahrajagopal12@outlook.com,8626368970,Male,1968-06-19,Coimbatore,Himachal Pradesh,2026-05-22
126,Sarthak,Oak,sarthakoak81@yahoo.co.in,9865278585,Male,1990-01-17,Delhi,Jharkhand,2026-01-12
127,Chanchal,Suri,chanchalsuri71@gmail.com,7484344375,Other,1965-08-10,Siwan,Meghalaya,2025-08-13
128,Hemani,Natarajan,hemaninatarajan45@yahoo.co.in,6986652404,Other,1993-01-19,Sirsa,Karnataka,2025-10-09
129,Ijaya,Khare,ijayakhare66@yahoo.co.in,9338484219,Female,1994-05-29,Muzaffarpur,West Bengal,2025-12-30
130,Samesh,Bassi,sameshbassi16@gmail.com,7016571208,Male,1977-02-23,Eluru,Madhya Pradesh,2025-11-18
131,Forum,Tandon,forumtandon93@outlook.com,9345401938,Female,1958-01-06,Ambala,Odisha,2025-09-18
132,Noah,Chaudhry,noahchaudhry63@gmail.com,6672400499,Male,1985-06-16,Hajipur,Manipur,2024-06-20
133,Advika,Dhawan,advikadhawan68@outlook.com,7874315274,Female,1983-05-25,Aurangabad,Meghalaya,2025-09-06
134,Alka,Nigam,alkanigam53@yahoo.co.in,7296685161,Other,1997-11-28,Jodhpur,West Bengal,2024-03-12
135,Omya,Walla,omyawalla51@gmail.com,6463745499,Female,1981-05-10,Morbi,West Bengal,2024-07-03
136,Balendra,Biswas,balendrabiswas40@shopper.in,6742684145,Other,1971-06-22,Ambattur,Telangana,2025-02-20
137,Chakradev,Saraf,chakradevsaraf71@gmail.com,9956878339,Male,1962-03-12,Raiganj,Goa,2025-10-10
138,Chandani,Balakrishnan,chandanibalakrishnan67@yahoo.co.in,6910883982,Other,1958-08-17,Pimpri-Chinchwad,Jharkhand,2024-09-23
139,Rachita,Prasad,rachitaprasad24@gmail.com,9187072867,Female,1984-10-20,Sambalpur,Mizoram,2025-08-13
140,Tripti,Gole,triptigole96@yahoo.co.in,6640391065,Female,1967-01-23,Vijayawada,Punjab,2026-06-03
141,Rayaan,Khosla,rayaankhosla18@outlook.com,6462265676,Male,1989-05-12,Ahmednagar,Manipur,2025-08-03
142,Joshua,Sharaf,joshuasharaf93@yahoo.co.in,6286823004,Male,1972-11-14,Kirari Suleman Nagar,Jharkhand,2025-08-05
143,Gaurangi,Borah,gaurangiborah78@outlook.com,7375243106,Female,1985-07-22,Dharmavaram,Jharkhand,2024-11-08
144,Simon,Krishna,simonkrishna36@shopper.in,6907903067,Male,1986-08-01,Davanagere,Madhya Pradesh,2024-04-21
145,Wyatt,Chhabra,wyattchhabra27@yahoo.co.in,7959953428,Male,1971-08-21,Aurangabad,Kerala,2024-06-02
146,Neelima,Merchant,neelimamerchant17@gmail.com,9870568566,Female,1956-12-27,Panipat,Andhra Pradesh,2024-07-11
147,Aryan,Taneja,aryantaneja78@outlook.com,7342708668,Male,1974-12-21,Medininagar,Uttar Pradesh,2025-05-17
148,Patrick,Kanda,patrickkanda42@gmail.com,8175183046,Male,1998-10-26,Udupi,Himachal Pradesh,2025-09-19
149,Ekapad,Chatterjee,ekapadchatterjee34@gmail.com,9354033173,Male,1998-03-12,Tirupati,Uttar Pradesh,2025-12-12
150,Urvi,Bandi,urvibandi40@yahoo.co.in,8678544587,Female,1994-12-08,Mira-Bhayandar,Assam,2025-06-28
151,Neelima,Narain,neelimanarain36@yahoo.co.in,8609320489,Female,2006-05-12,Akola,Gujarat,2025-06-01
152,Ekaja,Zacharia,ekajazacharia29@gmail.com,8369378547,Female,1980-05-23,Dehradun,Himachal Pradesh,2026-05-08
153,Warda,Merchant,wardamerchant31@yahoo.co.in,7287280801,Female,2006-04-19,Raipur,Manipur,2025-09-23
154,Baljiwan,Dhaliwal,baljiwandhaliwal62@gmail.com,7120387509,Male,2006-10-25,Sikar,West Bengal,2025-07-05
155,Jasmit,Chana,jasmitchana72@shopper.in,6886008484,Other,1982-05-07,Bilaspur,Nagaland,2024-08-08
156,David,Sha,davidsha23@shopper.in,7339845461,Male,1980-07-30,Bhimavaram,Madhya Pradesh,2025-05-26
157,Ria,Chokshi,riachokshi82@gmail.com,7410166687,Female,2001-06-02,Chittoor,Andhra Pradesh,2024-01-05
158,Falak,Kant,falakkant31@shopper.in,9659180339,Other,1999-07-27,Madhyamgram,Tamil Nadu,2024-11-23
159,Matthew,Rege,matthewrege97@yahoo.co.in,6250392614,Male,1963-06-08,Ranchi,Arunachal Pradesh,2024-05-03
160,Daksha,Tailor,dakshatailor59@yahoo.co.in,9218501631,Other,1963-05-26,Noida,Nagaland,2025-05-22
161,Ekanta,Rama,ekantarama13@yahoo.co.in,9735866296,Female,1986-05-14,Panvel,Maharashtra,2024-05-31
162,Faras,Sachdeva,farassachdeva19@shopper.in,8262655110,Male,2000-01-24,Unnao,Punjab,2026-04-14
163,Tanvi,Mammen,tanvimammen44@shopper.in,7126788861,Female,1957-09-21,Bellary,Manipur,2024-06-30
164,Sai,Keer,saikeer21@yahoo.co.in,9046618398,Other,1980-03-05,Arrah,Nagaland,2024-07-13
165,Praneel,Bhat,praneelbhat27@yahoo.co.in,8472126464,Male,1982-08-03,Jhansi,Bihar,2024-12-09
166,Vasana,Chand,vasanachand42@gmail.com,9993712406,Female,2000-08-06,Kavali,Andhra Pradesh,2025-05-13
167,Arya,Nath,aryanath66@yahoo.co.in,9924593752,Female,1972-01-26,Buxar,Gujarat,2026-02-09
168,Bhavya,Johal,bhavyajohal98@outlook.com,7564651939,Female,1995-05-26,Muzaffarpur,Karnataka,2025-11-30
169,Manbir,Agate,manbiragate80@shopper.in,9374167243,Other,1974-05-13,Bikaner,Nagaland,2025-01-17
170,Zashil,Ghosh,zashilghosh64@outlook.com,6797968868,Other,1962-12-23,Mira-Bhayandar,Andhra Pradesh,2024-07-03
171,Ishita,Khanna,ishitakhanna78@shopper.in,6352909656,Other,1995-07-27,Pune,Goa,2024-02-20
172,Libni,Ben,libniben38@gmail.com,9567982507,Female,1964-02-14,Hajipur,Bihar,2024-07-31
173,Azad,Soni,azadsoni24@gmail.com,8457387571,Male,1985-12-31,Anand,Odisha,2025-06-19
174,Darika,Seth,darikaseth18@yahoo.co.in,6105123828,Female,1989-10-12,Srikakulam,Arunachal Pradesh,2024-10-13
175,Yoshita,Mitra,yoshitamitra69@gmail.com,9226609379,Female,1986-08-31,Ghaziabad,Meghalaya,2024-11-02
176,Neelima,Sandhu,neelimasandhu37@gmail.com,8191825537,Other,2002-03-09,Pallavaram,Tamil Nadu,2024-09-07
177,Sachi,Borah,sachiborah91@yahoo.co.in,9969155792,Other,1960-12-29,Narasaraopet,Chhattisgarh,2026-01-29
178,Dominic,Date,dominicdate85@shopper.in,7513412528,Other,1974-03-18,Eluru,Punjab,2025-01-09
179,Chaitaly,Setty,chaitalysetty59@outlook.com,7782827422,Other,1989-11-24,Navi Mumbai,Uttar Pradesh,2025-06-18
180,Ishwar,Kale,ishwarkale16@yahoo.co.in,6723688767,Other,1984-10-05,Ambattur,Maharashtra,2025-06-15
181,Pallavi,Setty,pallavisetty31@shopper.in,6340438427,Female,1982-08-18,Bareilly,Karnataka,2025-07-11
182,Prisha,Munshi,prishamunshi75@shopper.in,6485807836,Other,2000-10-03,Dindigul,Chhattisgarh,2024-05-06
183,Vritti,Bhavsar,vrittibhavsar14@outlook.com,8517133959,Female,1961-09-14,Tiruchirappalli,Maharashtra,2025-01-23
184,Gopal,Pradhan,gopalpradhan27@gmail.com,7095849825,Other,1964-05-08,Dharmavaram,Nagaland,2026-01-26
185,Omya,Das,omyadas83@yahoo.co.in,6260422325,Female,1983-06-14,Bhusawal,West Bengal,2026-03-19
186,Ati,Mani,atimani28@yahoo.co.in,9671168457,Female,1996-05-09,Nagercoil,Bihar,2026-02-13
187,Yashica,Kala,yashicakala10@shopper.in,9518636374,Other,1966-01-09,Rajahmundry,West Bengal,2025-03-25
188,Darika,Palla,darikapalla80@gmail.com,9500170127,Female,1993-05-08,Raipur,Tripura,2025-06-07
189,Liam,Kara,liamkara98@gmail.com,8241541520,Male,1984-09-11,Narasaraopet,Sikkim,2025-04-05
190,Amara,Balakrishnan,amarabalakrishnan99@gmail.com,9110371293,Other,1967-10-10,Tirupati,Karnataka,2025-06-15
191,Parth,Ahuja,parthahuja11@yahoo.co.in,6627136111,Male,1967-11-03,Buxar,Sikkim,2025-04-02
192,Sai,Boase,saiboase58@gmail.com,7189092753,Male,1965-02-24,Mysore,Telangana,2025-01-16
193,Zilmil,Kale,zilmilkale88@outlook.com,7112196565,Female,1981-02-04,Malda,Karnataka,2026-01-03
194,Gaurangi,Pingle,gaurangipingle92@shopper.in,7899940438,Female,1976-09-13,Tezpur,Punjab,2025-02-04
195,Frado,Ben,fradoben60@yahoo.co.in,6376137918,Other,1966-01-30,Tadipatri,Arunachal Pradesh,2025-09-05
196,Chaitaly,Magar,chaitalymagar50@gmail.com,9965827109,Female,1985-08-25,Shivpuri,Punjab,2024-05-14
197,Timothy,Sachdeva,timothysachdeva15@shopper.in,9848666188,Male,1974-01-31,Anand,Bihar,2025-03-22
198,Orinder,Sani,orindersani49@shopper.in,7285691463,Male,1963-01-16,Guntakal,Meghalaya,2024-02-14
199,Zansi,Morar,zansimorar24@outlook.com,6421020275,Female,1958-08-02,Tenali,Punjab,2025-03-12
200,Ayaan,Amble,ayaanamble57@gmail.com,8105648149,Male,1969-05-28,Rajpur Sonarpur,Tripura,2025-07-12
201,Ekantika,Kumer,ekantikakumer75@yahoo.co.in,6792524191,Female,1975-03-12,Jamshedpur,Andhra Pradesh,2024-09-17
202,Yuvraj,Sani,yuvrajsani15@shopper.in,7075622086,Male,1967-06-14,Nadiad,Nagaland,2024-05-07
203,Jyoti,Tella,jyotitella50@yahoo.co.in,6951802380,Female,1993-07-08,Madurai,Madhya Pradesh,2025-10-04
204,Anvi,Sarin,anvisarin46@yahoo.co.in,8187053494,Female,1956-10-08,Solapur,West Bengal,2026-01-01
205,Nirja,Sanghvi,nirjasanghvi57@outlook.com,7832060385,Female,1994-07-07,Erode,Jharkhand,2024-11-04
206,Deepa,Ravel,deeparavel10@outlook.com,8138367024,Female,1956-11-30,Tirunelveli,Uttar Pradesh,2024-04-28
207,Triveni,Pathak,trivenipathak62@yahoo.co.in,9191826199,Other,1961-06-29,Aligarh,Haryana,2024-03-07
208,Tejas,Rattan,tejasrattan47@yahoo.co.in,8655743132,Male,1991-02-25,Tenali,West Bengal,2026-06-25
209,Mohammed,Nori,mohammednori29@shopper.in,7775618537,Male,1970-07-29,Gulbarga,Assam,2025-03-15
210,Dakshesh,Wali,daksheshwali21@gmail.com,8903521356,Male,1990-03-13,Karnal,Kerala,2025-04-02
211,Falak,Keer,falakkeer32@shopper.in,9788317121,Female,1962-06-29,Bardhaman,Gujarat,2024-04-23
212,Gabriel,Dua,gabrieldua35@outlook.com,8199410137,Male,2007-03-25,Belgaum,Tripura,2025-10-16
213,Xiti,Shetty,xitishetty25@shopper.in,9029667066,Female,2006-11-01,Buxar,Rajasthan,2024-04-19
214,Neel,Mutti,neelmutti45@yahoo.co.in,9209993476,Male,1965-10-08,Jabalpur,Meghalaya,2026-05-02
215,Timothy,Mitter,timothymitter21@yahoo.co.in,9263838065,Male,1974-03-10,Nagercoil,Mizoram,2025-07-06
216,Bina,Mukherjee,binamukherjee82@yahoo.co.in,9420593040,Female,1986-12-01,Agra,Arunachal Pradesh,2026-04-28
217,Jyoti,Mangat,jyotimangat55@gmail.com,7133480396,Other,1960-09-19,Srikakulam,Punjab,2025-01-27
218,Zehaan,Rajagopalan,zehaanrajagopalan40@yahoo.co.in,8905992937,Male,1986-12-25,Hospet,Uttar Pradesh,2025-01-28
219,Ijaya,Nagy,ijayanagy14@shopper.in,6393087059,Female,1996-08-31,Orai,Chhattisgarh,2024-03-07
220,Bhavani,Seshadri,bhavaniseshadri32@yahoo.co.in,6029218515,Female,1962-07-16,Guwahati,Mizoram,2026-03-20
221,Orinder,Baral,orinderbaral22@yahoo.co.in,8522675289,Other,1972-05-09,Bahraich,Mizoram,2025-12-22
222,Nathan,Patla,nathanpatla85@gmail.com,9442209690,Other,1980-11-13,Munger,Maharashtra,2024-06-11
223,Hamsini,Ben,hamsiniben38@shopper.in,9251355215,Other,1998-06-05,Amritsar,Karnataka,2025-03-15
224,Champak,Raju,champakraju41@shopper.in,8410067626,Male,1974-10-31,Madanapalle,West Bengal,2025-05-12
225,Falguni,Nath,falguninath79@outlook.com,6793271040,Female,1961-01-15,Etawah,Jharkhand,2024-12-23
226,Rohan,Dayal,rohandayal53@gmail.com,9218159970,Male,1995-12-27,Tirupati,Nagaland,2025-01-23
227,Krisha,Narasimhan,krishanarasimhan65@gmail.com,6153368844,Other,1964-03-11,Bhusawal,Mizoram,2024-12-19
228,Pratyush,Badami,pratyushbadami60@outlook.com,7050614973,Male,1980-03-03,Bokaro,Gujarat,2024-04-15
229,Onkar,Sunder,onkarsunder91@yahoo.co.in,6714677418,Male,1968-07-24,Durgapur,Chhattisgarh,2025-05-08
230,Brinda,Merchant,brindamerchant57@gmail.com,9047743490,Female,1962-05-18,Naihati,Tripura,2024-02-19
231,Dominic,Puri,dominicpuri95@yahoo.co.in,9938068687,Male,1965-12-28,Bokaro,Uttarakhand,2025-02-28
232,Gayathri,Sarma,gayathrisarma48@shopper.in,9089899217,Female,1958-06-20,Bharatpur,Sikkim,2024-03-26
233,Jagat,Sawhney,jagatsawhney34@gmail.com,6616329451,Male,1997-01-17,Sultan Pur Majra,Haryana,2024-10-11
234,Kashvi,More,kashvimore80@yahoo.co.in,8870998616,Female,1987-05-31,Arrah,Sikkim,2024-10-17
235,Ridhi,Shenoy,ridhishenoy84@shopper.in,6914856467,Other,2007-11-09,Eluru,Mizoram,2025-06-30
236,Shaurya,Edwin,shauryaedwin32@yahoo.co.in,9299606530,Male,1969-01-31,Chandrapur,Arunachal Pradesh,2026-01-14
237,Warda,Prabhu,wardaprabhu12@yahoo.co.in,8447132475,Female,1993-03-26,Hazaribagh,West Bengal,2025-06-01
238,Jeet,Mane,jeetmane92@shopper.in,7736785082,Other,1961-03-15,Darbhanga,Manipur,2024-09-16
239,Yashvi,Din,yashvidin27@shopper.in,7330307053,Female,1985-04-07,Korba,Uttarakhand,2025-06-25
240,Shravya,Palla,shravyapalla60@shopper.in,6357972798,Other,1957-04-23,Meerut,Madhya Pradesh,2025-01-22
241,Yashasvi,Prakash,yashasviprakash98@shopper.in,8060293333,Female,1971-07-17,Jodhpur,Kerala,2025-05-28
242,Udarsh,Bala,udarshbala12@shopper.in,9229034944,Other,1977-03-07,Thanjavur,Uttar Pradesh,2025-05-11
243,Eta,Devan,etadevan68@yahoo.co.in,7748969108,Female,1958-02-07,Chittoor,Tamil Nadu,2026-03-09
244,Liam,Singh,liamsingh92@yahoo.co.in,8171545444,Other,1986-01-09,Vijayawada,Andhra Pradesh,2024-09-21
245,Kabir,Kale,kabirkale17@outlook.com,8207446660,Male,1965-09-02,Bhubaneswar,Tripura,2025-08-19
246,Maanas,Khanna,maanaskhanna53@gmail.com,9584282417,Male,1975-12-28,Nashik,Haryana,2024-05-12
247,Oni,Shankar,onishankar81@gmail.com,8135346554,Other,1959-10-09,Panchkula,Punjab,2025-06-25
248,Abhiram,Varma,abhiramvarma70@shopper.in,6738168460,Male,1994-08-17,Asansol,Jharkhand,2025-11-15
249,Tanish,Agarwal,tanishagarwal35@yahoo.co.in,9972521752,Male,1997-05-02,New Delhi,Odisha,2024-11-29
250,Sathvik,Grover,sathvikgrover67@yahoo.co.in,7292712966,Male,2000-09-15,Loni,Kerala,2025-07-02
251,Bhavna,Vora,bhavnavora10@shopper.in,7505830033,Female,1992-07-09,Pali,West Bengal,2026-02-22
252,Vrinda,Bassi,vrindabassi26@shopper.in,9894210447,Female,1998-10-02,Dindigul,Himachal Pradesh,2026-05-25
253,Adweta,Parikh,adwetaparikh65@gmail.com,8753260332,Female,1960-02-04,New Delhi,Telangana,2024-01-12
254,Hemang,Natarajan,hemangnatarajan74@gmail.com,6506489090,Other,1964-07-28,Nagercoil,Nagaland,2025-09-09
255,Omkaar,Gill,omkaargill98@shopper.in,9761847230,Male,2002-02-01,Nangloi Jat,Rajasthan,2024-12-21
256,Qabil,Deshmukh,qabildeshmukh76@yahoo.co.in,7618914117,Other,1959-10-16,Vadodara,Jharkhand,2024-04-12
257,Isha,Bassi,ishabassi76@gmail.com,8642087375,Female,1969-01-25,Satna,Jharkhand,2024-01-07
258,Yutika,Rao,yutikarao21@shopper.in,9218114374,Other,1992-06-13,Nizamabad,Arunachal Pradesh,2024-11-25
259,Girish,Mangal,girishmangal32@shopper.in,8556110022,Male,1979-10-15,Bathinda,Himachal Pradesh,2025-06-12
260,Jeet,Pillai,jeetpillai44@shopper.in,8521667467,Other,1985-03-25,Gandhidham,Madhya Pradesh,2025-11-23
261,Omkaar,Grover,omkaargrover26@shopper.in,7169797296,Male,1989-04-06,Arrah,Uttar Pradesh,2025-09-13
262,Zilmil,Loke,zilmilloke26@outlook.com,9167014508,Other,1961-02-12,Vijayawada,Maharashtra,2026-06-21
263,Pranit,Memon,pranitmemon82@gmail.com,8889163756,Other,1977-05-09,Vijayawada,Karnataka,2024-10-12
264,Chakrika,Mohan,chakrikamohan16@shopper.in,7877217535,Other,1985-11-03,Rourkela,Tamil Nadu,2025-09-24
265,Sachi,Panchal,sachipanchal38@outlook.com,9317797177,Other,1985-12-03,Nagercoil,Punjab,2025-07-12
266,Radhika,Maharaj,radhikamaharaj93@shopper.in,6660880199,Other,1999-01-05,Aurangabad,Sikkim,2025-07-18
267,Nidra,Patla,nidrapatla36@outlook.com,8503758997,Other,1990-05-30,Ludhiana,Chhattisgarh,2026-03-04
268,Raksha,Banerjee,rakshabanerjee67@shopper.in,6305548851,Other,1964-02-01,Noida,Tripura,2024-03-25
269,Rajeshri,Pathak,rajeshripathak27@outlook.com,6493316373,Female,1981-07-19,Mahbubnagar,Chhattisgarh,2025-10-24
270,Varenya,Prabhakar,varenyaprabhakar15@shopper.in,9798270808,Female,1980-10-23,Solapur,Odisha,2026-06-25
271,Ekantika,Wagle,ekantikawagle75@gmail.com,7216995866,Female,1980-06-19,Satara,Rajasthan,2026-01-04
272,Maya,Krish,mayakrish60@yahoo.co.in,8722698485,Female,1963-03-20,Gaya,Meghalaya,2026-06-09
273,Zarna,Ram,zarnaram37@gmail.com,7945228851,Other,1993-09-19,Firozabad,Tripura,2026-06-13
274,Leena,Sehgal,leenasehgal84@outlook.com,8608106200,Female,1970-02-05,Pallavaram,Gujarat,2024-03-23
275,Divya,Deshmukh,divyadeshmukh97@yahoo.co.in,7043805719,Female,1960-07-14,Malegaon,Tamil Nadu,2026-06-13
276,Tristan,Chahal,tristanchahal92@outlook.com,7840666580,Male,2001-11-25,Sri Ganganagar,Tamil Nadu,2024-05-08
277,Bachittar,Mannan,bachittarmannan89@outlook.com,7598933472,Male,1975-11-28,Akola,Uttar Pradesh,2025-10-07
278,Pratyush,Trivedi,pratyushtrivedi32@shopper.in,9064842294,Male,1970-10-03,Kollam,Uttar Pradesh,2024-08-26
279,Liam,Khalsa,liamkhalsa29@shopper.in,7590947985,Other,1989-02-10,Karimnagar,Nagaland,2024-06-11
280,Jyoti,Sibal,jyotisibal38@gmail.com,6826886153,Other,1993-01-13,Pudukkottai,Assam,2026-02-15
281,Bhavini,More,bhavinimore56@yahoo.co.in,7987801573,Female,1982-08-04,Hajipur,Maharashtra,2026-01-01
282,Samarth,Borah,samarthborah97@yahoo.co.in,9164840858,Male,1964-01-10,Srinagar,Manipur,2026-04-15
283,Vidhi,Varughese,vidhivarughese15@yahoo.co.in,7581128801,Female,1978-12-09,Suryapet,Rajasthan,2024-04-19
284,Qabil,Dayal,qabildayal64@shopper.in,7861207501,Other,1984-12-07,Amravati,Mizoram,2024-04-01
285,Ganga,Modi,gangamodi81@shopper.in,7466766506,Female,1966-09-13,North Dumdum,Tamil Nadu,2026-05-30
286,Isaiah,Pal,isaiahpal92@shopper.in,6158144914,Male,1990-10-22,Vijayawada,Himachal Pradesh,2026-04-11
287,Indira,Maharaj,indiramaharaj60@shopper.in,9283268424,Female,1964-01-06,Srikakulam,Nagaland,2026-03-09
288,Chakradhar,Thakkar,chakradharthakkar80@gmail.com,6009968814,Male,1999-02-11,Guntakal,Odisha,2024-06-25
289,Faraj,Garg,farajgarg62@gmail.com,7239431290,Male,2000-04-27,Phusro,Arunachal Pradesh,2026-06-07
290,Amrita,Bumb,amritabumb92@shopper.in,8141397552,Female,1958-08-03,Bhagalpur,Tripura,2025-12-28
291,Sathvik,Balasubramanian,sathvikbalasubramanian46@shopper.in,7577594929,Male,1989-05-21,Barasat,Meghalaya,2025-04-10
292,Krisha,Ravi,krisharavi31@shopper.in,8336452577,Female,1975-09-26,Srinagar,Tamil Nadu,2025-04-05
293,Bhanumati,Dugar,bhanumatidugar80@shopper.in,7914283411,Female,1985-05-30,Karawal Nagar,Manipur,2026-05-16
294,Samar,Oak,samaroak13@outlook.com,7084887256,Other,1996-10-11,Satara,West Bengal,2024-10-28
295,Eiravati,Pai,eiravatipai47@gmail.com,9881658039,Other,1982-08-18,Uluberia,Mizoram,2026-05-20
296,Chatresh,Nagar,chatreshnagar67@gmail.com,7992750373,Male,1971-12-12,Bhilai,Himachal Pradesh,2024-07-08
297,Umang,Kota,umangkota15@gmail.com,8677005184,Male,1965-01-30,Dhanbad,Jharkhand,2026-01-11
298,Leena,Sahota,leenasahota79@gmail.com,9659184638,Other,1972-05-22,Khammam,Odisha,2025-04-25
299,Nirja,Gupta,nirjagupta71@shopper.in,7723184322,Female,2007-06-05,Panchkula,Mizoram,2024-03-01
300,Unni,Tara,unnitara39@outlook.com,8177739260,Other,1976-06-28,Lucknow,Assam,2024-03-06
301,Maya,Tiwari,mayatiwari85@gmail.com,7809202428,Other,1986-08-11,Thrissur,Odisha,2026-06-14
302,Ira,Bava,irabava12@yahoo.co.in,6379772369,Other,1958-12-08,Shimla,Punjab,2024-10-25
303,Wahab,Mangal,wahabmangal89@yahoo.co.in,7579913662,Male,1992-01-07,Moradabad,Maharashtra,2024-04-13
304,Krish,Lalla,krishlalla74@outlook.com,7912799088,Other,2005-01-01,Sambhal,Kerala,2025-10-16
305,Aradhana,Rattan,aradhanarattan94@gmail.com,6686508637,Female,1958-12-23,Mirzapur,Nagaland,2026-03-13
306,Mitali,Borah,mitaliborah85@shopper.in,9247314986,Female,1981-10-14,Jamalpur,Himachal Pradesh,2024-11-02
307,Jagat,Dave,jagatdave10@shopper.in,6635651269,Other,1962-01-28,Dindigul,Uttar Pradesh,2025-08-01
308,Pallavi,Pau,pallavipau82@yahoo.co.in,8636887258,Female,2006-11-14,Davanagere,Punjab,2025-03-09
309,Yashoda,Ratti,yashodaratti83@yahoo.co.in,9213721386,Female,1989-07-11,Ranchi,Arunachal Pradesh,2026-06-07
310,Laksh,Nath,lakshnath99@shopper.in,7601279611,Other,1987-09-25,Jalgaon,Punjab,2025-05-08
311,Ekaraj,Narang,ekarajnarang87@shopper.in,9698490277,Male,1997-03-19,Ujjain,Madhya Pradesh,2024-09-22
312,Netra,Nayar,netranayar34@shopper.in,7920530214,Female,1990-01-07,Phusro,Jharkhand,2026-02-26
313,Vaishnavi,Badal,vaishnavibadal60@outlook.com,7801184895,Other,1980-07-24,Bhubaneswar,Maharashtra,2025-03-21
314,Mitesh,Bala,miteshbala87@gmail.com,9690426818,Male,1996-02-12,Bilaspur,Rajasthan,2024-05-30
315,Jhalak,Behl,jhalakbehl24@yahoo.co.in,8769735779,Female,1995-03-16,Tirunelveli,Mizoram,2026-05-03
316,Ranveer,Divan,ranveerdivan43@shopper.in,9335658804,Male,2001-10-26,Patna,Odisha,2024-02-17
317,Dayamai,Halder,dayamaihalder96@yahoo.co.in,6827553942,Female,1956-10-13,Satara,Maharashtra,2025-12-05
318,Forum,Sachar,forumsachar35@gmail.com,7433339521,Female,2002-06-26,Bulandshahr,Mizoram,2024-02-10
319,Urishilla,Bhatia,urishillabhatia94@outlook.com,6807595794,Other,2003-07-11,Kadapa,Gujarat,2025-07-19
320,Omaja,Sridhar,omajasridhar60@gmail.com,7086780856,Female,1991-04-03,Satara,Goa,2025-11-27
321,Veda,Walia,vedawalia25@outlook.com,8003691559,Female,1978-10-16,Bilaspur,Punjab,2025-12-03
322,Veda,Handa,vedahanda43@gmail.com,8795527636,Other,1972-04-09,Proddatur,Jharkhand,2026-03-08
323,Jeevika,Mishra,jeevikamishra61@yahoo.co.in,9292931438,Female,2007-12-22,Dhule,Tamil Nadu,2025-05-14
324,Yash,Nadig,yashnadig28@gmail.com,9026728857,Male,1988-02-23,Karaikudi,Uttar Pradesh,2025-08-14
325,Anusha,Mani,anushamani16@outlook.com,6203471754,Other,1963-10-16,Tenali,Uttarakhand,2025-08-13
326,Hemani,Dhingra,hemanidhingra42@yahoo.co.in,6615939982,Other,1975-04-06,Tumkur,Tamil Nadu,2026-01-22
327,Chaaya,Pal,chaayapal51@outlook.com,9169472256,Female,1985-08-07,Nangloi Jat,Gujarat,2025-08-19
328,Isha,Yohannan,ishayohannan19@shopper.in,7535544964,Female,1973-12-12,Durgapur,Bihar,2026-03-03
329,Wriddhish,Kibe,wriddhishkibe85@outlook.com,9220234132,Other,1958-12-13,Muzaffarpur,Arunachal Pradesh,2024-12-18
330,Chandresh,Sachdev,chandreshsachdev70@shopper.in,6681149216,Male,1977-12-21,Salem,Sikkim,2025-03-06
331,Laksh,Ahluwalia,lakshahluwalia46@outlook.com,7282005577,Other,1992-12-12,Vellore,Rajasthan,2026-06-02
332,Vyanjana,Sood,vyanjanasood80@outlook.com,7829979688,Female,1999-10-07,Tumkur,Karnataka,2025-04-26
333,Mekhala,Bhargava,mekhalabhargava79@gmail.com,6745642400,Female,2007-10-22,Chapra,Haryana,2025-01-08
334,Anjali,Gill,anjaligill46@outlook.com,6774064930,Female,1983-12-07,Vadodara,Uttarakhand,2025-02-04
335,Sneha,Tandon,snehatandon81@outlook.com,9326634163,Female,1968-03-04,Agra,Andhra Pradesh,2025-03-19
336,Neha,Chhabra,nehachhabra93@yahoo.co.in,9312241797,Female,1978-04-18,Malda,Rajasthan,2025-07-09
337,Yatin,Desai,yatindesai51@shopper.in,7080214427,Male,1989-10-22,Darbhanga,Gujarat,2025-12-27
338,Daksh,Narayanan,dakshnarayanan29@shopper.in,9356475705,Male,1966-07-21,Bardhaman,Tamil Nadu,2024-03-15
339,Girik,Atwal,girikatwal44@outlook.com,6872346013,Male,2005-08-15,Sagar,Odisha,2025-06-14
340,Gopal,Gill,gopalgill14@gmail.com,9183764520,Male,1997-01-26,Purnia,Mizoram,2026-06-07
341,Falak,Chadha,falakchadha25@yahoo.co.in,9435031365,Other,1982-10-09,Udaipur,Chhattisgarh,2024-05-21
342,Vansha,Naik,vanshanaik25@outlook.com,7009792513,Other,1972-05-17,Bhilwara,Madhya Pradesh,2024-02-16
343,Warinder,Sekhon,warindersekhon89@yahoo.co.in,6052812735,Other,2006-10-15,Ozhukarai,Jharkhand,2026-02-23
344,Aashi,Lal,aashilal34@shopper.in,9524077848,Female,1999-12-24,Noida,Arunachal Pradesh,2025-12-05
345,Jagat,Shroff,jagatshroff33@yahoo.co.in,8749821827,Other,1976-05-16,Machilipatnam,Sikkim,2025-03-14
346,Yadavi,Mukhopadhyay,yadavimukhopadhyay56@outlook.com,6862095935,Other,2002-06-21,Sagar,Kerala,2026-06-01
347,Janya,Kanda,janyakanda34@outlook.com,7945651181,Female,1964-08-01,Jamnagar,Manipur,2024-03-07
348,Rachit,Sagar,rachitsagar14@gmail.com,6731096789,Male,2003-04-06,Siwan,Uttar Pradesh,2026-01-08
349,Ikbal,Kota,ikbalkota56@gmail.com,6037170586,Male,2001-10-16,Hajipur,Manipur,2025-09-28
350,Janaki,Brahmbhatt,janakibrahmbhatt44@shopper.in,6413811386,Other,1993-11-20,Ghaziabad,Uttarakhand,2024-09-26
351,Yashasvi,Jain,yashasvijain41@gmail.com,9195761228,Other,1994-06-20,Dehradun,Karnataka,2025-04-21
352,Zinal,Sathe,zinalsathe30@outlook.com,8585566593,Other,1963-05-29,Ballia,Meghalaya,2025-02-17
353,Chandani,Uppal,chandaniuppal80@yahoo.co.in,8776004908,Female,1985-10-23,Malda,Chhattisgarh,2024-06-03
354,Sarthak,Shan,sarthakshan48@gmail.com,7504888992,Male,1993-11-14,Karaikudi,Manipur,2024-08-23
355,Nikita,Bains,nikitabains29@gmail.com,8593344196,Female,1982-06-10,Delhi,Telangana,2025-02-19
356,Tejas,Bora,tejasbora19@yahoo.co.in,9279194096,Other,1958-07-30,Hapur,Tamil Nadu,2024-01-29
357,Bhavika,Bhasin,bhavikabhasin54@outlook.com,9139060480,Female,1960-03-11,Patna,Jharkhand,2025-08-16
358,Samarth,Gole,samarthgole51@gmail.com,7067998136,Male,2007-10-28,Bidar,Kerala,2025-05-20
359,Rayaan,Sen,rayaansen26@yahoo.co.in,6790864168,Male,1981-03-08,Jodhpur,Sikkim,2025-01-05
360,Ekalinga,Pall,ekalingapall71@gmail.com,9693898331,Male,1963-07-27,Siwan,Madhya Pradesh,2025-06-08
361,Zarna,Datta,zarnadatta97@shopper.in,6665535590,Female,2005-01-10,Delhi,Tripura,2025-11-24
362,Alka,Misra,alkamisra88@outlook.com,7703352110,Female,1987-01-02,Katihar,Madhya Pradesh,2024-03-16
363,Jyoti,Kota,jyotikota11@yahoo.co.in,6477053833,Female,1986-11-03,Bhatpara,Himachal Pradesh,2025-03-12
364,Ranbir,Chowdhury,ranbirchowdhury71@gmail.com,6698042043,Other,1957-09-08,Srikakulam,Tripura,2026-01-15
365,Abhiram,Khosla,abhiramkhosla69@shopper.in,6645104636,Male,1969-07-09,Salem,Punjab,2024-12-20
366,Anika,Sekhon,anikasekhon72@shopper.in,7387800384,Female,1996-03-05,Sambalpur,Telangana,2025-05-20
367,Chaitanya,Ratti,chaitanyaratti30@shopper.in,8554384046,Other,1985-05-14,Panvel,Gujarat,2025-09-14
368,Daksh,Dey,dakshdey45@gmail.com,7562168936,Other,1989-10-14,Muzaffarpur,Uttarakhand,2024-03-19
369,Odika,Nagi,odikanagi49@yahoo.co.in,9823298324,Female,1971-08-14,Asansol,Sikkim,2026-05-25
370,Indrajit,Sachdev,indrajitsachdev65@gmail.com,7518812520,Male,1975-12-11,Ghaziabad,Nagaland,2026-03-29
371,Harita,Sane,haritasane48@outlook.com,8231220994,Female,1993-04-27,Nashik,Kerala,2025-02-26
372,Lakshmi,Vohra,lakshmivohra39@gmail.com,6517289752,Other,1977-03-09,Alappuzha,Chhattisgarh,2026-05-08
373,Netra,Puri,netrapuri27@gmail.com,7306046333,Female,1968-01-04,New Delhi,West Bengal,2024-08-12
374,Umang,Mital,umangmital72@yahoo.co.in,9366096569,Other,2003-08-24,Madhyamgram,Arunachal Pradesh,2026-06-18
375,Nitara,Saha,nitarasaha78@shopper.in,6770388608,Other,1993-06-02,Munger,Haryana,2024-11-25
376,Joshua,Jani,joshuajani47@outlook.com,9447264908,Male,1977-12-20,Hospet,West Bengal,2026-04-24
377,Kamala,Chanda,kamalachanda67@shopper.in,6298266570,Other,1991-12-12,Faridabad,Himachal Pradesh,2024-10-29
378,Krishna,Baral,krishnabaral35@outlook.com,6452111751,Other,1960-06-13,Dharmavaram,Telangana,2025-05-15
379,Teerth,Srinivas,teerthsrinivas75@gmail.com,9860259222,Other,1969-09-16,Avadi,Andhra Pradesh,2024-01-27
380,Jagvi,Gupta,jagvigupta49@yahoo.co.in,9421230940,Female,2005-12-14,Nangloi Jat,Haryana,2025-07-13
381,Samarth,Ranganathan,samarthranganathan10@outlook.com,7397767199,Other,1971-10-13,Ichalkaranji,Madhya Pradesh,2024-10-07
382,Vidhi,Walla,vidhiwalla89@gmail.com,6220502099,Female,1999-08-23,Aizawl,Himachal Pradesh,2024-12-14
383,Pranit,Varghese,pranitvarghese23@outlook.com,7249998279,Male,1989-05-02,Navi Mumbai,Uttar Pradesh,2024-11-18
384,Wahab,Nagarajan,wahabnagarajan48@yahoo.co.in,8616814721,Male,1969-04-26,Satara,Maharashtra,2026-01-17
385,Aradhana,Kant,aradhanakant77@outlook.com,7390198179,Female,2005-12-08,Pune,Himachal Pradesh,2026-01-24
386,Turvi,Merchant,turvimerchant87@yahoo.co.in,8899529978,Female,1965-11-13,Ozhukarai,Haryana,2026-05-11
387,Sachi,Korpal,sachikorpal33@gmail.com,8301071396,Female,1989-06-22,Bardhaman,Tripura,2025-04-19
388,Wishi,Swaminathan,wishiswaminathan81@gmail.com,6344144885,Female,1986-11-08,Nagercoil,Goa,2025-10-27
389,Logan,Suresh,logansuresh52@yahoo.co.in,9990235577,Other,1968-01-08,Loni,Arunachal Pradesh,2025-11-07
390,Bishakha,Bava,bishakhabava29@outlook.com,8760849588,Female,2007-07-05,Haridwar,Chhattisgarh,2024-10-22
391,Vihaan,Bir,vihaanbir52@yahoo.co.in,6240568299,Other,2003-08-14,Bangalore,Gujarat,2024-12-29
392,Yashawini,Shah,yashawinishah50@shopper.in,8617357438,Female,1980-11-21,Tadipatri,Rajasthan,2024-12-27
393,Warhi,Sura,warhisura14@gmail.com,6780782357,Female,1956-07-26,Katihar,Nagaland,2026-05-25
394,Tripti,Arora,triptiarora51@gmail.com,6823076810,Female,1956-08-19,Jorhat,Jharkhand,2024-11-22
395,Anay,Thakkar,anaythakkar86@shopper.in,8701840943,Other,2002-12-26,Mangalore,Bihar,2025-02-06
396,Chasmum,Viswanathan,chasmumviswanathan45@yahoo.co.in,9142241098,Female,1965-08-17,Nellore,Punjab,2025-02-13
397,Zayyan,Pandya,zayyanpandya54@yahoo.co.in,8249321495,Other,1973-09-08,Vijayawada,Kerala,2024-11-25
398,Samaksh,Sharaf,samakshsharaf13@outlook.com,6160166299,Male,1993-12-11,Kamarhati,Jharkhand,2025-06-16
399,Faris,Balay,farisbalay55@yahoo.co.in,8381792171,Other,1961-11-09,Nadiad,Madhya Pradesh,2025-06-26
400,Vyanjana,Bhalla,vyanjanabhalla39@gmail.com,7945625577,Female,1998-10-29,Tirunelveli,Assam,2024-08-31
401,Zaid,Saraf,zaidsaraf54@outlook.com,9245992816,Male,1999-05-20,Buxar,West Bengal,2025-10-23
402,Charvi,Wable,charviwable81@shopper.in,8876963938,Female,1958-05-23,Rajpur Sonarpur,West Bengal,2024-09-03
403,Vyanjana,Madan,vyanjanamadan18@yahoo.co.in,7966958321,Female,1958-08-31,Parbhani,Nagaland,2026-06-19
404,Anamika,Gola,anamikagola24@outlook.com,8817246191,Female,1976-11-23,Dhule,Odisha,2026-03-12
405,Eshana,Rao,eshanarao73@shopper.in,6329022784,Female,1960-09-24,Ujjain,Odisha,2025-08-22
406,Kavya,Ramachandran,kavyaramachandran35@gmail.com,8494651909,Female,2001-07-26,Yamunanagar,Tripura,2026-03-24
407,Ekaraj,Brar,ekarajbrar47@shopper.in,8800851403,Male,1989-07-29,Meerut,Bihar,2025-08-29
408,Urmi,Kata,urmikata90@yahoo.co.in,9666832723,Female,1960-09-01,Mahbubnagar,Tripura,2025-05-03
409,Sneha,Narain,snehanarain29@yahoo.co.in,7201027621,Female,1957-07-06,Hospet,Meghalaya,2024-07-31
410,Jhalak,Parekh,jhalakparekh99@outlook.com,7786876532,Female,1993-02-16,Bhiwani,Goa,2024-11-03
411,Lajita,Chada,lajitachada73@gmail.com,8689500975,Other,2008-01-16,Shahjahanpur,Tamil Nadu,2024-09-03
412,Ethan,Butala,ethanbutala20@gmail.com,8781891371,Other,1973-09-24,Nadiad,Tamil Nadu,2026-06-02
413,Mitesh,Ramachandran,miteshramachandran49@shopper.in,8807787956,Other,1977-01-17,Aligarh,Assam,2025-03-30
414,Aahana,Morar,aahanamorar31@shopper.in,8940792904,Female,1985-10-04,Gopalpur,Bihar,2025-09-12
415,Ekaja,Chahal,ekajachahal72@shopper.in,7814429444,Female,1968-03-31,Sultan Pur Majra,Nagaland,2024-02-27
416,Yauvani,Reddy,yauvanireddy32@gmail.com,9524372805,Other,1962-07-11,Hubli–Dharwad,Kerala,2025-11-12
417,Girik,Nair,giriknair29@outlook.com,9637239504,Other,1981-09-17,Jalna,Maharashtra,2025-10-28
418,Rishi,Chad,rishichad31@outlook.com,9747836674,Male,2004-10-27,Aurangabad,Mizoram,2024-08-10
419,Frado,Rai,fradorai46@outlook.com,9580185694,Male,1967-01-11,Agartala,Jharkhand,2025-03-16
420,Krish,Tailor,krishtailor42@outlook.com,9393852580,Male,1965-06-05,Rourkela,Maharashtra,2025-10-03
421,Lakshit,Sama,lakshitsama62@shopper.in,6753443009,Male,1975-11-23,Solapur,Kerala,2024-04-21
422,Zayan,Koshy,zayankoshy91@shopper.in,6192692124,Other,2004-07-21,Hindupur,Punjab,2024-12-08
423,Rohan,Shankar,rohanshankar68@yahoo.co.in,9542140665,Other,1962-10-10,Avadi,Andhra Pradesh,2026-01-09
424,Siya,Natarajan,siyanatarajan32@outlook.com,6739627128,Female,1997-09-12,Ozhukarai,Manipur,2025-12-19
425,Gaurika,Sani,gaurikasani92@shopper.in,9410119470,Other,1999-10-19,Dewas,Karnataka,2025-11-14
426,Sai,Srinivas,saisrinivas91@shopper.in,6642569087,Other,1976-11-16,Sikar,Karnataka,2025-05-25
427,Bishakha,Swaminathan,bishakhaswaminathan18@gmail.com,6671985546,Other,1994-09-07,Anantapur,Madhya Pradesh,2024-02-16
428,Meera,Ramaswamy,meeraramaswamy78@yahoo.co.in,6743280634,Female,1980-05-02,Phusro,Gujarat,2025-10-23
429,Pranit,Bala,pranitbala98@yahoo.co.in,9173203093,Other,2004-12-24,Bhagalpur,Manipur,2024-12-02
430,Bishakha,Biswas,bishakhabiswas92@yahoo.co.in,9870050506,Other,1983-05-04,Kolhapur,Rajasthan,2024-09-24
431,Nidra,Khurana,nidrakhurana96@gmail.com,7102707903,Female,1972-09-09,Bhusawal,Uttar Pradesh,2025-11-04
432,Ranbir,Borah,ranbirborah32@shopper.in,8179291117,Male,1986-01-20,Ballia,Madhya Pradesh,2025-02-20
433,Zehaan,Sahota,zehaansahota35@outlook.com,8651982530,Male,1992-06-28,Karimnagar,Tamil Nadu,2025-04-20
434,Brijesh,Chopra,brijeshchopra25@yahoo.co.in,7625827390,Male,2007-10-28,Raichur,Goa,2024-07-11
435,Anthony,Ratta,anthonyratta12@outlook.com,6002194672,Male,2006-09-19,Chinsurah,Bihar,2024-05-18
436,Advaith,Chaudhari,advaithchaudhari67@outlook.com,7290927914,Other,1973-02-06,Sasaram,Telangana,2024-11-02
437,Zilmil,Kant,zilmilkant40@gmail.com,6819588373,Other,1985-10-30,Katni,Manipur,2025-02-07
438,Zashil,Dora,zashildora29@outlook.com,9220054364,Male,1978-12-21,Karawal Nagar,Bihar,2025-06-20
439,Manbir,Sagar,manbirsagar23@shopper.in,7207811379,Male,1961-05-03,Ajmer,Kerala,2025-06-02
440,Nachiket,Oza,nachiketoza96@yahoo.co.in,7153136363,Male,1986-06-25,Saharsa,Meghalaya,2024-10-26
441,Priya,Soni,priyasoni16@outlook.com,7397265273,Female,1962-02-20,Bidhannagar,Karnataka,2025-03-18
442,Bahadurjit,Mital,bahadurjitmital52@gmail.com,6904217762,Male,1958-07-15,Lucknow,West Bengal,2025-12-20
443,Pavani,Chopra,pavanichopra87@gmail.com,7983168739,Female,2001-07-29,Latur,Mizoram,2025-06-24
444,Harita,Dutta,haritadutta11@outlook.com,7356939290,Female,1978-01-07,Surendranagar Dudhrej,Haryana,2024-11-22
445,Samaksh,Gour,samakshgour70@shopper.in,9867177318,Male,1968-03-06,Tenali,Andhra Pradesh,2026-03-26
446,Hardik,Sengupta,hardiksengupta26@yahoo.co.in,8310742799,Male,1995-10-18,Pali,Andhra Pradesh,2024-08-20
447,Jalsa,Jha,jalsajha27@outlook.com,7570165804,Female,1974-06-09,Gangtok,Bihar,2025-03-18
448,Rachit,Pau,rachitpau88@gmail.com,6950850165,Other,1977-09-05,Berhampore,Bihar,2024-11-20
449,Lekha,Suri,lekhasuri56@gmail.com,6832538179,Female,1991-05-29,Kavali,Madhya Pradesh,2025-12-15
450,Manya,Comar,manyacomar38@yahoo.co.in,8486401557,Other,1979-03-04,Berhampore,Punjab,2025-07-27
451,Gabriel,Mishra,gabrielmishra70@yahoo.co.in,9951371162,Male,1997-04-24,Guntur,Karnataka,2024-12-09
452,Daniel,Khare,danielkhare31@yahoo.co.in,6272380468,Male,1976-04-11,South Dumdum,Kerala,2026-04-29
453,Ekta,Vaidya,ektavaidya63@outlook.com,6431038569,Female,1981-12-06,Kavali,Chhattisgarh,2025-04-16
454,Sanaya,Sampath,sanayasampath85@outlook.com,9492424375,Female,1968-02-19,Siwan,Tamil Nadu,2025-09-23
455,Gabriel,Ganesan,gabrielganesan55@yahoo.co.in,9292842222,Male,1988-10-25,Kolhapur,Goa,2024-01-22
456,Nisha,Seshadri,nishaseshadri83@gmail.com,9452380552,Female,1997-08-24,Secunderabad,Andhra Pradesh,2025-08-03
457,Xavier,Deshpande,xavierdeshpande78@yahoo.co.in,6067275208,Male,1968-10-09,Kishanganj,Mizoram,2026-02-15
458,Warda,Rege,wardarege47@outlook.com,8929751702,Other,2002-02-02,Vijayanagaram,Tamil Nadu,2025-10-28
459,Vamakshi,Suresh,vamakshisuresh13@outlook.com,7751509398,Female,1966-11-17,Buxar,Andhra Pradesh,2024-05-22
460,Imaran,Master,imaranmaster12@shopper.in,9186375998,Male,1957-09-20,Kamarhati,Nagaland,2026-03-02
461,Mitali,Ganguly,mitaliganguly28@outlook.com,8650455478,Female,1986-08-13,Jamalpur,Mizoram,2024-08-15
462,Isaiah,Comar,isaiahcomar63@outlook.com,8266299123,Other,1973-09-22,Hosur,Uttarakhand,2025-07-26
463,Anvi,Sastry,anvisastry18@outlook.com,6064628792,Female,1992-09-03,Khandwa,Bihar,2024-07-14
464,Krishna,Mishra,krishnamishra80@outlook.com,6494787300,Female,1957-09-09,Firozabad,Kerala,2024-06-02
465,Gagan,Sarna,gagansarna91@outlook.com,6462730147,Other,1963-06-26,Bhagalpur,Uttar Pradesh,2025-10-03
466,Indali,Sangha,indalisangha56@outlook.com,9471589042,Other,1966-10-16,Tiruppur,Uttarakhand,2025-01-13
467,Ishanvi,Bhargava,ishanvibhargava69@gmail.com,8204565044,Female,1994-04-16,Katihar,Himachal Pradesh,2024-12-09
468,Om,Naik,omnaik34@gmail.com,6928554451,Other,2003-05-29,Ramagundam,Odisha,2025-04-29
469,Kiaan,Varkey,kiaanvarkey11@gmail.com,8576521328,Male,2001-09-21,Bhavnagar,Tripura,2024-04-06
470,Nisha,Bhargava,nishabhargava88@shopper.in,9711207545,Other,1974-05-14,Mira-Bhayandar,Haryana,2024-08-14
471,Madhav,Nagy,madhavnagy76@yahoo.co.in,7401322342,Other,1972-05-05,Unnao,Chhattisgarh,2024-02-10
472,Lipika,Sachdeva,lipikasachdeva98@shopper.in,6076031089,Female,1981-01-09,Aurangabad,Rajasthan,2024-03-01
473,Charita,Rau,charitarau15@shopper.in,8011939325,Female,1990-08-01,Arrah,Manipur,2024-03-15
474,Vinaya,Narang,vinayanarang45@yahoo.co.in,8289389119,Other,1995-02-05,Tiruchirappalli,Telangana,2026-05-27
475,Veer,Parmar,veerparmar34@yahoo.co.in,7801387592,Male,1959-10-22,Bellary,Maharashtra,2024-12-24
476,Hitesh,Talwar,hiteshtalwar55@outlook.com,9383615171,Male,1973-10-08,Anantapuram,Karnataka,2025-07-11
477,Eiravati,Sundaram,eiravatisundaram46@shopper.in,6571647947,Female,1978-11-20,Ranchi,Bihar,2024-07-27
478,Veda,Babu,vedababu64@gmail.com,6752071678,Female,1963-12-13,Gandhidham,Manipur,2025-10-12
479,Aadi,Sangha,aadisangha28@outlook.com,9912153539,Male,1969-04-06,Barasat,Goa,2026-03-24
480,Laksh,Chander,lakshchander39@outlook.com,9499465796,Male,2000-01-15,Chandrapur,Assam,2026-05-18
481,Ria,Gandhi,riagandhi28@outlook.com,6147732010,Female,1959-01-08,Farrukhabad,Telangana,2026-05-12
482,Vivaan,Sanghvi,vivaansanghvi13@gmail.com,9952499118,Other,2000-02-07,Bareilly,Andhra Pradesh,2026-04-25
483,Hredhaan,Sood,hredhaansood47@outlook.com,9848588006,Male,1960-10-19,Guntakal,Haryana,2025-10-29
484,Yochana,Saxena,yochanasaxena67@yahoo.co.in,9770028427,Female,1956-02-16,Tiruvottiyur,Uttarakhand,2025-04-08
485,Jai,Sami,jaisami59@outlook.com,6978897782,Other,2002-09-22,Morena,Assam,2025-05-19
486,Jyoti,Rajagopal,jyotirajagopal73@outlook.com,8450090255,Female,1961-07-29,Kota,Karnataka,2026-06-24
487,Qarin,Mistry,qarinmistry90@yahoo.co.in,9165565033,Male,1964-10-29,Guntur,Rajasthan,2024-06-08
488,Luke,Biswas,lukebiswas20@shopper.in,8152085076,Other,1991-08-06,Phagwara,Rajasthan,2025-06-03
489,Gayathri,Sarraf,gayathrisarraf12@outlook.com,6569659171,Female,1979-05-24,Saharanpur,Maharashtra,2025-12-13
490,Vaishnavi,Kalla,vaishnavikalla73@yahoo.co.in,7945637183,Female,1961-05-24,Kolhapur,Tripura,2024-11-24
491,Diya,Rajagopalan,diyarajagopalan83@outlook.com,7919195419,Female,1979-06-02,Satna,Uttar Pradesh,2026-04-30
492,Ekiya,Kota,ekiyakota36@yahoo.co.in,6484685366,Female,1974-05-06,Kulti,Nagaland,2025-07-21
493,Meghana,Bala,meghanabala95@gmail.com,6829737489,Female,2000-04-19,Tiruppur,Mizoram,2026-04-09
494,Yashodhara,Gulati,yashodharagulati90@shopper.in,7572324665,Other,2006-05-21,Sagar,Rajasthan,2025-10-01
495,Chatura,Khatri,chaturakhatri36@outlook.com,8424936312,Other,1989-03-04,Gorakhpur,Haryana,2024-05-05
496,Yahvi,Bobal,yahvibobal69@outlook.com,9603242044,Female,1991-06-12,Karimnagar,Karnataka,2025-11-28
497,Kevin,Ram,kevinram15@outlook.com,6015941651,Other,1994-03-05,Ambarnath,Nagaland,2025-01-10
498,Gabriel,Sinha,gabrielsinha24@shopper.in,8713915596,Male,2007-12-02,Pune,Odisha,2025-12-28
499,Bhavna,Atwal,bhavnaatwal37@gmail.com,6234764907,Female,1973-05-03,Thane,Arunachal Pradesh,2024-12-27
500,Sneha,Toor,snehatoor79@outlook.com,9342575409,Female,1974-12-28,Bhusawal,Tamil Nadu,2024-01-28
